"1","Bryan",NULL,"Hunt","1947-01-01",NULL,NULL
"2","Tom",NULL,"Otterness","1952-01-01",NULL,NULL
"3","Jacques",NULL,"Lipchitz","1891-01-01","1973-01-01",NULL
"4","Bruno",NULL,"Lucchesi","1926-01-01",NULL,NULL
"5","Louis",NULL,"Sullivan","1856-01-01","1924-01-01",NULL
"6","Reuben",NULL,"Nakian","1897-01-01","1986-01-01",NULL
"7","Julius",NULL,"Schmidt","1923-01-01",NULL,NULL
"8","Michael",NULL,"Todd","1935-01-01",NULL,NULL
"9","Saul",NULL,"Baizerman","1889-01-01","1957-01-01",NULL
"10","David",NULL,"Smith","1906-01-01","1965-01-01",NULL
"11","Gaston",NULL,"Lachaise","1882-01-01","1935-01-01",NULL
"12","William",NULL,"Zorach","1889-01-01","1966-01-01",NULL
"13","William",NULL,"King","1925-01-01",NULL,NULL
"14","Tony",NULL,"Smith","1912-01-01","1980-01-01",NULL
"15","Sam",NULL,"Richardson","1934-01-01",NULL,NULL
"16","Juan",NULL,"Hamilton","1945-01-01",NULL,NULL
"17","Fletcher",NULL,"Benton","1931-01-01",NULL,NULL
"18","Lyman",NULL,"Kipp","1929-01-01",NULL,NULL
"19","William",NULL,"Tucker","1935-01-01",NULL,NULL
"20","Robert",NULL,"Murray","1936-01-01",NULL,NULL
"21","Paul",NULL,"Harris","1925-01-01",NULL,NULL
"22","Richard","McDermott","Miller","1922-01-01",NULL,NULL
"23","Catherine",NULL,"Ferguson","1943-01-01",NULL,NULL
"24","Mark",NULL,"di Suvero","1933-01-01",NULL,NULL
"25","Richard",NULL,"Serra","1939-01-01",NULL,NULL
"26","Roxy",NULL,"Paine","1966-01-01",NULL,NULL
"27","Michael",NULL,"Heizer","1944-01-01",NULL,NULL
"28","Claes",NULL,"Oldenburg","1928-01-01",NULL,NULL
"29","Coojs",NULL,"van Bruggen","1942-01-01",NULL,NULL
"30","Charles",NULL,"Ginnever","1931-01-01",NULL,NULL
"31","John",NULL,"Henry","1943-01-01",NULL,NULL
