<?xml version="1.0" encoding="UTF-8"?>
<package xmlns="http://pear.php.net/dtd/package-2.1" xmlns:tasks="http://pear.php.net/dtd/tasks-1.0" xmlns:xsi="http://www.w3.org/2001/XMLSchema-instance" version="2.1" xsi:schemaLocation="http://pear.php.net/dtd/tasks-1.0     http://pear.php.net/dtd/tasks-1.0.xsd     http://pear.php.net/dtd/package-2.1     http://pear.php.net/dtd/package-2.1.xsd" packagerversion="2.0.0">
 <name>UNL_Templates</name>
 <channel>pear.unl.edu</channel>
 <summary>The UNL HTML Templates as a PEAR Package.
</summary>
 <description>
This package allows you to render UNL Template styled pages using PHP Objects.
</description>
 <lead>
  <name>Brett Bieber</name>
  <user>saltybeagle</user>
  <email>brett.bieber@gmail.com</email>
  <active>yes</active>
 </lead>
 <lead>
  <name>Ned Hummel</name>
  <user>nhummel2</user>
  <email>nhummel2@math.unl.edu</email>
  <active>yes</active>
 </lead>
 <date>2013-09-13</date>
 <time>12:05:13</time>
 <version>
  <release>1.4.0RC3</release>
  <api>1.0.0</api>
 </version>
 <stability>
  <release>beta</release>
  <api>stable</api>
 </stability>
 <license uri="http://www1.unl.edu/wdn/wiki/Software_License">BSD License</license>
 <notes>Finalize support for version 4.0 of the templates

Templates Supported:
* Fixed
* Debug
* Unlaffiliate
* Unlaffiliate_debug
* Unlaffiliate_local

Fixed in this RC:
* Use local .tpl files instead of always pulling remotely
* Make HTML and DEP replacements when local files do not exist
</notes>
 <contents>
  <dir name="/">
   <file role="test" name="test/pear.unl.edu/UNL_Templates/UNL_TemplatesTest.php"/>
   <file role="php" name="php/UNL/Templates/Version4/Unlaffiliate_local.php"/>
   <file role="php" name="php/UNL/Templates/Version4/Unlaffiliate_debug.php"/>
   <file role="php" name="php/UNL/Templates/Version4/Unlaffiliate.php"/>
   <file role="php" name="php/UNL/Templates/Version4/Local.php"/>
   <file role="php" name="php/UNL/Templates/Version4/Fixed.php"/>
   <file role="php" name="php/UNL/Templates/Version4/Debug.php"/>
   <file role="php" name="php/UNL/Templates/Version4.php"/>
   <file role="php" name="php/UNL/Templates/Version3x1/Unlaffiliate_local.php"/>
   <file role="php" name="php/UNL/Templates/Version3x1/Unlaffiliate_debug.php"/>
   <file role="php" name="php/UNL/Templates/Version3x1/Unlaffiliate.php"/>
   <file role="php" name="php/UNL/Templates/Version3x1/Local.php"/>
   <file role="php" name="php/UNL/Templates/Version3x1/Fixed.php"/>
   <file role="php" name="php/UNL/Templates/Version3x1/Debug.php"/>
   <file role="php" name="php/UNL/Templates/Version3x1.php"/>
   <file role="php" name="php/UNL/Templates/Version3/Unlaffiliate.php"/>
   <file role="php" name="php/UNL/Templates/Version3/Shared_column_right.php"/>
   <file role="php" name="php/UNL/Templates/Version3/Shared_column_left.php"/>
   <file role="php" name="php/UNL/Templates/Version3/Secure.php"/>
   <file role="php" name="php/UNL/Templates/Version3/Popup.php"/>
   <file role="php" name="php/UNL/Templates/Version3/Mobile.php"/>
   <file role="php" name="php/UNL/Templates/Version3/Liquid.php"/>
   <file role="php" name="php/UNL/Templates/Version3/Fixed_html5.php"/>
   <file role="php" name="php/UNL/Templates/Version3/Fixed.php"/>
   <file role="php" name="php/UNL/Templates/Version3/Document.php"/>
   <file role="php" name="php/UNL/Templates/Version3/Debug.php"/>
   <file role="php" name="php/UNL/Templates/Version3/Absolute.php"/>
   <file role="php" name="php/UNL/Templates/Version3.php"/>
   <file role="php" name="php/UNL/Templates/Version2/Unlstandardtemplate.php"/>
   <file role="php" name="php/UNL/Templates/Version2/Unlframework.php"/>
   <file role="php" name="php/UNL/Templates/Version2/Unlaffiliate.php"/>
   <file role="php" name="php/UNL/Templates/Version2/Secure.php"/>
   <file role="php" name="php/UNL/Templates/Version2/Popup.php"/>
   <file role="php" name="php/UNL/Templates/Version2/Liquid.php"/>
   <file role="php" name="php/UNL/Templates/Version2/Fixed.php"/>
   <file role="php" name="php/UNL/Templates/Version2/Document.php"/>
   <file role="php" name="php/UNL/Templates/Version2.php"/>
   <file role="php" name="php/UNL/Templates/Version.php"/>
   <file role="php" name="php/UNL/Templates/Scanner.php"/>
   <file role="php" name="php/UNL/Templates/CachingService/UNLCacheLite.php"/>
   <file role="php" name="php/UNL/Templates/CachingService/Null.php"/>
   <file role="php" name="php/UNL/Templates/CachingService/CacheLite.php"/>
   <file role="php" name="php/UNL/Templates/CachingService.php"/>
   <file role="php" name="php/UNL/Templates.php"/>
   <file role="doc" name="doc/pear.unl.edu/UNL_Templates/examples/scanner.php"/>
   <file role="doc" name="doc/pear.unl.edu/UNL_Templates/examples/example1.php"/>
   <file role="doc" name="doc/pear.unl.edu/UNL_Templates/examples/customization/customization_example.php"/>
   <file role="doc" name="doc/pear.unl.edu/UNL_Templates/examples/customization/customization_example.html"/>
   <file role="doc" name="doc/pear.unl.edu/UNL_Templates/examples/customization/CustomClass.php"/>
   <file role="doc" name="doc/pear.unl.edu/UNL_Templates/examples/convert.php"/>
   <file role="data" name="data/pear.unl.edu/UNL_Templates/tpl_cache/Version4/Unlaffiliate_local.tpl"/>
   <file role="data" name="data/pear.unl.edu/UNL_Templates/tpl_cache/Version4/Unlaffiliate_debug.tpl"/>
   <file role="data" name="data/pear.unl.edu/UNL_Templates/tpl_cache/Version4/Unlaffiliate.tpl"/>
   <file role="data" name="data/pear.unl.edu/UNL_Templates/tpl_cache/Version4/Local.tpl"/>
   <file role="data" name="data/pear.unl.edu/UNL_Templates/tpl_cache/Version4/Fixed.tpl"/>
   <file role="data" name="data/pear.unl.edu/UNL_Templates/tpl_cache/Version4/Debug.tpl"/>
   <file role="data" name="data/pear.unl.edu/UNL_Templates/tpl_cache/Version3x1/Unlaffiliate_local.tpl"/>
   <file role="data" name="data/pear.unl.edu/UNL_Templates/tpl_cache/Version3x1/Unlaffiliate_debug.tpl"/>
   <file role="data" name="data/pear.unl.edu/UNL_Templates/tpl_cache/Version3x1/Unlaffiliate.tpl"/>
   <file role="data" name="data/pear.unl.edu/UNL_Templates/tpl_cache/Version3x1/Local.tpl"/>
   <file role="data" name="data/pear.unl.edu/UNL_Templates/tpl_cache/Version3x1/Fixed.tpl"/>
   <file role="data" name="data/pear.unl.edu/UNL_Templates/tpl_cache/Version3x1/Debug.tpl"/>
   <file role="data" name="data/pear.unl.edu/UNL_Templates/tpl_cache/Version3/Unlaffiliate.tpl"/>
   <file role="data" name="data/pear.unl.edu/UNL_Templates/tpl_cache/Version3/Shared_column_right.tpl"/>
   <file role="data" name="data/pear.unl.edu/UNL_Templates/tpl_cache/Version3/Shared_column_left.tpl"/>
   <file role="data" name="data/pear.unl.edu/UNL_Templates/tpl_cache/Version3/Secure.tpl"/>
   <file role="data" name="data/pear.unl.edu/UNL_Templates/tpl_cache/Version3/Popup.tpl"/>
   <file role="data" name="data/pear.unl.edu/UNL_Templates/tpl_cache/Version3/Mobile.tpl"/>
   <file role="data" name="data/pear.unl.edu/UNL_Templates/tpl_cache/Version3/Liquid.tpl"/>
   <file role="data" name="data/pear.unl.edu/UNL_Templates/tpl_cache/Version3/Fixed_html5.tpl"/>
   <file role="data" name="data/pear.unl.edu/UNL_Templates/tpl_cache/Version3/Fixed.tpl"/>
   <file role="data" name="data/pear.unl.edu/UNL_Templates/tpl_cache/Version3/Document.tpl"/>
   <file role="data" name="data/pear.unl.edu/UNL_Templates/tpl_cache/Version3/Debug.tpl"/>
   <file role="data" name="data/pear.unl.edu/UNL_Templates/tpl_cache/Version3/Absolute.tpl"/>
   <file role="data" name="data/pear.unl.edu/UNL_Templates/tpl_cache/Version2/Unlstandardtemplate.tpl"/>
   <file role="data" name="data/pear.unl.edu/UNL_Templates/tpl_cache/Version2/Unlframework.tpl"/>
   <file role="data" name="data/pear.unl.edu/UNL_Templates/tpl_cache/Version2/Unlaffiliate.tpl"/>
   <file role="data" name="data/pear.unl.edu/UNL_Templates/tpl_cache/Version2/Secure.tpl"/>
   <file role="data" name="data/pear.unl.edu/UNL_Templates/tpl_cache/Version2/Popup.tpl"/>
   <file role="data" name="data/pear.unl.edu/UNL_Templates/tpl_cache/Version2/Liquid.tpl"/>
   <file role="data" name="data/pear.unl.edu/UNL_Templates/tpl_cache/Version2/Fixed.tpl"/>
   <file role="data" name="data/pear.unl.edu/UNL_Templates/tpl_cache/Version2/Document.tpl"/>
   <file role="data" name="data/pear.unl.edu/UNL_Templates/cssUNLTemplates.ini"/>
  </dir>
 </contents>
 <dependencies>
  <required>
   <php>
    <min>5.0.0</min>
   </php>
   <pearinstaller>
    <min>2.0.0a1</min>
   </pearinstaller>
   <package>
    <name>UNL_DWT</name>
    <channel>pear.unl.edu</channel>
    <min>0.8.0</min>
   </package>
  </required>
  <optional>
   <package>
    <name>Cache_Lite</name>
    <channel>pear.php.net</channel>
    <min>1.0</min>
   </package>
   <package>
    <name>UNL_Cache_Lite</name>
    <channel>pear.unl.edu</channel>
    <min>0.1.0</min>
   </package>
  </optional>
 </dependencies>
 <phprelease/>
 <changelog>
  <release>
   <version>
    <release>0.1.0</release>
    <api>0.1.0</api>
   </version>
   <stability>
    <release>alpha</release>
    <api>alpha</api>
   </stability>
   <date>2006-03-02</date>
   <license>PHP License</license>
   <notes>
First release, only basic functionality, we assume you have /unlpub/templatedependents/ set up on your server already.
   </notes>
  </release>
  <release>
   <version>
    <release>0.5.0</release>
    <api>0.5.0</api>
   </version>
   <stability>
    <release>beta</release>
    <api>beta</api>
   </stability>
   <date>2006-08-14</date>
   <license uri="http://www.php.net/license">PHP License</license>
   <notes>
Updates the package to use the new 2006-08 UNL Templates. Template dependents /ucomm/templatedependents/ are still required outside of this package. Added new replacement functions to handle the template dependent replacements.
		Removed evalPHPFile function... not needed anymore.
   </notes>
  </release>
  <release>
   <version>
    <release>0.5.1</release>
    <api>0.5.0</api>
   </version>
   <stability>
    <release>beta</release>
    <api>beta</api>
   </stability>
   <date>2007-01-05</date>
   <license uri="http://www.opensource.org/licenses/bsd-license.php">BSD License</license>
   <notes>
Change license to BSD, update tpl_cache to UNL Templates created on 2007-01-05. No other changes.
	All users with previous versions do not need to upgrade because the server will automatically serve out new tpl files.
   </notes>
  </release>
  <release>
   <version>
    <release>0.5.2</release>
    <api>0.5.0</api>
   </version>
   <stability>
    <release>beta</release>
    <api>beta</api>
   </stability>
   <date>2007-11-29</date>
   <license uri="http://www.opensource.org/licenses/bsd-license.php">BSD License</license>
   <notes>
Add check that file can actually be opened.
No other changes.
   </notes>
  </release>
  <release>
   <version>
    <release>1.0.0RC1</release>
    <api>1.0.0</api>
   </version>
   <stability>
    <release>beta</release>
    <api>beta</api>
   </stability>
   <date>2008-03-26</date>
   <license uri="http://www1.unl.edu/wdn/wiki/Software_License">BSD License</license>
   <notes>
Feature Release!
New methods:
* addHeadLink($href, $relation, $relType = 'rel', array $attributes = array())
* addScript($url, $type = 'text/javascript')
* addScriptDeclaration($content, $type = 'text/javascript')
* addStyleDeclaration($content, $type = 'text/css')
* addStyleSheet($url, $type = 'text/css', $media = null)
* __toString()  Now you can just use echo $page;

Auto loading of files - now supporting:
* optionalfooter=&gt;optionalFooter.html
* collegenavigationlist=&gt;unitNavigation.html

Other fixes:
* Use static vars instead of PEAR::getStaticProperty() - fixes E_STRICT warnings

Add example of a custom class with auto-breadcrumb generation and body content loading.

Thanks to Ned Hummel for picking up this baby.
   </notes>
  </release>
  <release>
   <version>
    <release>1.0.0RC2</release>
    <api>1.0.0</api>
   </version>
   <stability>
    <release>beta</release>
    <api>beta</api>
   </stability>
   <date>2008-06-30</date>
   <license uri="http://www1.unl.edu/wdn/wiki/Software_License">BSD License</license>
   <notes>
Feature Release!
New methods:
* addHeadLink($href, $relation, $relType = 'rel', array $attributes = array())
* addScript($url, $type = 'text/javascript')
* addScriptDeclaration($content, $type = 'text/javascript')
* addStyleDeclaration($content, $type = 'text/css')
* addStyleSheet($url, $media = 'all')
* __toString()  Now you can just use echo $page;

Auto loading of files - now supporting:
* optionalfooter=&gt;optionalFooter.html
* collegenavigationlist=&gt;unitNavigation.html

Other fixes:
* Use static vars instead of PEAR::getStaticProperty() - fixes E_STRICT warnings
* Remove debug code causing cache to never be used.
* Fix debugging.
* Merge UNL_DWT::$options with options from ini file instead of overwriting.
* Set default timezone to use before we use date functions.

Add example of a custom class with auto-breadcrumb generation and body content loading.

Thanks to Ned Hummel for picking up this baby.
   </notes>
  </release>
  <release>
   <version>
    <release>1.0.0RC3</release>
    <api>1.0.0</api>
   </version>
   <stability>
    <release>beta</release>
    <api>beta</api>
   </stability>
   <date>2008-06-30</date>
   <license uri="http://www1.unl.edu/wdn/wiki/Software_License">BSD License</license>
   <notes>
Feature Release!
New methods:
* addHeadLink($href, $relation, $relType = 'rel', array $attributes = array())
* addScript($url, $type = 'text/javascript')
* addScriptDeclaration($content, $type = 'text/javascript')
* addStyleDeclaration($content, $type = 'text/css')
* addStyleSheet($url, $media = 'all')
* __toString()  Now you can just use echo $page;

Auto loading of files - now supporting:
* optionalfooter=&gt;optionalFooter.html
* collegenavigationlist=&gt;unitNavigation.html

New Remote Template Scanner UNL_Templates_Scanner
* Scans a rendered UNL Template page for the editable content areas.

Other fixes:
* Use static vars instead of PEAR::getStaticProperty() - fixes E_STRICT warnings
* Remove debug code causing cache to never be used.
* Fix debugging.
* Merge UNL_DWT::$options with options from ini file instead of overwriting.
* Set default timezone to use before we use date functions.

Add example of a custom class with auto-breadcrumb generation and body content loading.

Thanks to Ned Hummel for picking up this baby.
   </notes>
  </release>
  <release>
   <version>
    <release>1.0.0RC4</release>
    <api>1.0.0</api>
   </version>
   <stability>
    <release>beta</release>
    <api>beta</api>
   </stability>
   <date>2008-11-06</date>
   <license uri="http://www1.unl.edu/wdn/wiki/Software_License">BSD License</license>
   <notes>
Feature Release!
New methods:
* addHeadLink($href, $relation, $relType = 'rel', array $attributes = array())
* addScript($url, $type = 'text/javascript')
* addScriptDeclaration($content, $type = 'text/javascript')
* addStyleDeclaration($content, $type = 'text/css')
* addStyleSheet($url, $media = 'all')
* __toString()  Now you can just use echo $page;

Auto loading of files - now supporting:
* optionalfooter=&gt;optionalFooter.html
* collegenavigationlist=&gt;unitNavigation.html

New Remote Template Scanner UNL_Templates_Scanner
* Scans a rendered UNL Template page for the editable content areas.

Other fixes:
* Use static vars instead of PEAR::getStaticProperty() - fixes E_STRICT warnings
* Remove debug code causing cache to never be used.
* Fix debugging.
* Merge UNL_DWT::$options with options from ini file instead of overwriting.
* Set default timezone to use before we use date functions.
* Add newlines after header additions.

Add example of a custom class with auto-breadcrumb generation and body content loading.

Thanks to Ned Hummel for picking up this baby.
   </notes>
  </release>
  <release>
   <version>
    <release>1.0.0RC5</release>
    <api>1.0.0</api>
   </version>
   <stability>
    <release>beta</release>
    <api>beta</api>
   </stability>
   <date>2009-07-01</date>
   <license uri="http://www1.unl.edu/wdn/wiki/Software_License">BSD License</license>
   <notes>
Feature Release!
Added support for specifying the template version, 2 or 3.
* UNL_Templates::$options['version'] = 3; to use the new templates.

Additional work to prevent broken pages.
* If local files are not present for the &lt;!--#include statements, it will grab them remotely.
* If wdn/templates_3.0 does not exist locally it will use a template with absolute references to prevent broken pages.

New methods:
* addHeadLink($href, $relation, $relType = 'rel', array $attributes = array())
* addScript($url, $type = 'text/javascript')
* addScriptDeclaration($content, $type = 'text/javascript')
* addStyleDeclaration($content, $type = 'text/css')
* addStyleSheet($url, $media = 'all')
* __toString()  Now you can just use echo $page;

Auto loading of files - now supporting:
* optionalfooter=&gt;optionalFooter.html
* collegenavigationlist=&gt;unitNavigation.html

New Remote Template Scanner UNL_Templates_Scanner
* Scans a rendered UNL Template page for the editable content areas.

Other fixes:
* Use static vars instead of PEAR::getStaticProperty() - fixes E_STRICT warnings
* Remove debug code causing cache to never be used.
* Fix debugging.
* Merge UNL_DWT::$options with options from ini file instead of overwriting.
* Set default timezone to use before we use date functions.
* Add newlines after header additions.

Add example of a custom class with auto-breadcrumb generation and body content loading.
   </notes>
  </release>
  <release>
   <version>
    <release>1.0.0RC6</release>
    <api>1.0.0</api>
   </version>
   <stability>
    <release>beta</release>
    <api>beta</api>
   </stability>
   <date>2009-07-13</date>
   <license uri="http://www1.unl.edu/wdn/wiki/Software_License">BSD License</license>
   <notes>
Feature Release!
Added support for specifying the template version, 2 or 3.
* UNL_Templates::$options['version'] = 3; to use the new templates.

Additional work to prevent broken pages.
* If local files are not present for the &lt;!--#include statements, it will grab them remotely.
* If wdn/templates_3.0 does not exist locally it will use a template with absolute references to prevent broken pages.

New methods:
* addHeadLink($href, $relation, $relType = 'rel', array $attributes = array())
* addScript($url, $type = 'text/javascript')
* addScriptDeclaration($content, $type = 'text/javascript')
* addStyleDeclaration($content, $type = 'text/css')
* addStyleSheet($url, $media = 'all')
* __toString()  Now you can just use echo $page;

Auto loading of files - now supporting:
* optionalfooter=&gt;optionalFooter.html
* collegenavigationlist=&gt;unitNavigation.html

New Remote Template Scanner UNL_Templates_Scanner
* Scans a rendered UNL Template page for the editable content areas.

Other fixes:
* Use static vars instead of PEAR::getStaticProperty() - fixes E_STRICT warnings
* Remove debug code causing cache to never be used.
* Fix debugging.
* Merge UNL_DWT::$options with options from ini file instead of overwriting.
* Set default timezone to use before we use date functions.
* Add newlines after header additions.
* Fix addScriptDeclaration method to comment out CDATA to prevent syntax errors.

Add example of a custom class with auto-breadcrumb generation and body content loading.
   </notes>
  </release>
  <release>
   <version>
    <release>1.0.0RC7</release>
    <api>1.0.0</api>
   </version>
   <stability>
    <release>beta</release>
    <api>beta</api>
   </stability>
   <date>2009-07-29</date>
   <license uri="http://www1.unl.edu/wdn/wiki/Software_License">BSD License</license>
   <notes>
Feature Release!
Added support for specifying the template version, 2 or 3.
* UNL_Templates::$options['version'] = 3; to use the new templates.
* Added the secure template.
* Updated Version 3 templates to reflect footer changes.

Additional work to prevent broken pages.
* If local files are not present for the &lt;!--#include statements, it will grab them remotely.
* If wdn/templates_3.0 does not exist locally it will use a template with absolute references to prevent broken pages.

New methods:
* addHeadLink($href, $relation, $relType = 'rel', array $attributes = array())
* addScript($url, $type = 'text/javascript')
* addScriptDeclaration($content, $type = 'text/javascript')
* addStyleDeclaration($content, $type = 'text/css')
* addStyleSheet($url, $media = 'all')
* __toString()  Now you can just use echo $page;

Auto loading of files - now supporting:
* optionalfooter=&gt;optionalFooter.html
* collegenavigationlist=&gt;unitNavigation.html

New Remote Template Scanner UNL_Templates_Scanner
* Scans a rendered UNL Template page for the editable content areas.

Other fixes:
* Use static vars instead of PEAR::getStaticProperty() - fixes E_STRICT warnings
* Remove debug code causing cache to never be used.
* Fix debugging.
* Merge UNL_DWT::$options with options from ini file instead of overwriting.
* Set default timezone to use before we use date functions.
* Add newlines after header additions.
* Fix addScriptDeclaration method to comment out CDATA to prevent syntax errors.

Add example of a custom class with auto-breadcrumb generation and body content loading.
   </notes>
  </release>
  <release>
   <version>
    <release>1.0.0RC8</release>
    <api>1.0.0</api>
   </version>
   <stability>
    <release>beta</release>
    <api>beta</api>
   </stability>
   <date>2009-08-12</date>
   <license uri="http://www1.unl.edu/wdn/wiki/Software_License">BSD License</license>
   <notes>
Feature Release!
Added support for specifying the template version, 2 or 3.
* UNL_Templates::$options['version'] = 3; to use the new templates.
* Added the secure template.
* Updated Version 3 templates to reflect footer changes.

Additional work to prevent broken pages.
* If local files are not present for the &lt;!--#include statements, it will grab them remotely.
* If wdn/templates_3.0 does not exist locally it will use a template with absolute references to prevent broken pages.

New methods:
* addHeadLink($href, $relation, $relType = 'rel', array $attributes = array())
* addScript($url, $type = 'text/javascript')
* addScriptDeclaration($content, $type = 'text/javascript')
* addStyleDeclaration($content, $type = 'text/css')
* addStyleSheet($url, $media = 'all')
* __toString()  Now you can just use echo $page;

Auto loading of files - now supporting:
* optionalfooter=&gt;optionalFooter.html
* collegenavigationlist=&gt;unitNavigation.html
* contactinfo=&gt;footerContactInfo.html

New Remote Template Scanner UNL_Templates_Scanner
* Scans a rendered UNL Template page for the editable content areas.

Other fixes:
* Use static vars instead of PEAR::getStaticProperty() - fixes E_STRICT warnings
* Remove debug code causing cache to never be used.
* Fix debugging.
* Merge UNL_DWT::$options with options from ini file instead of overwriting.
* Set default timezone to use before we use date functions.
* Add newlines after header additions.
* Fix addScriptDeclaration method to comment out CDATA to prevent syntax errors.

Add example of a custom class with auto-breadcrumb generation and body content loading.
   </notes>
  </release>
  <release>
   <version>
    <release>1.0.0RC9</release>
    <api>1.0.0</api>
   </version>
   <stability>
    <release>beta</release>
    <api>beta</api>
   </stability>
   <date>2009-09-10</date>
   <license uri="http://www1.unl.edu/wdn/wiki/Software_License">BSD License</license>
   <notes>
Feature Release!
Added support for specifying the template version, 2 or 3.
* UNL_Templates::$options['version'] = 3; to use the new templates.
* Added the secure template.
* Add debug template.
* Updated Version 3 templates to reflect footer changes.

Additional work to prevent broken pages.
* If local files are not present for the &lt;!--#include statements, it will grab them remotely.
* If wdn/templates_3.0 does not exist locally it will use a template with absolute references to prevent broken pages.

New methods:
* addHeadLink($href, $relation, $relType = 'rel', array $attributes = array())
* addScript($url, $type = 'text/javascript')
* addScriptDeclaration($content, $type = 'text/javascript')
* addStyleDeclaration($content, $type = 'text/css')
* addStyleSheet($url, $media = 'all')
* __toString()  Now you can just use echo $page;

Auto loading of files - now supporting:
* optionalfooter=&gt;optionalFooter.html
* collegenavigationlist=&gt;unitNavigation.html
* contactinfo=&gt;footerContactInfo.html

New Remote Template Scanner UNL_Templates_Scanner
* Scans a rendered UNL Template page for the editable content areas.

Other fixes:
* Use static vars instead of PEAR::getStaticProperty() - fixes E_STRICT warnings
* Remove debug code causing cache to never be used.
* Fix debugging.
* Merge UNL_DWT::$options with options from ini file instead of overwriting.
* Set default timezone to use before we use date functions.
* Add newlines after header additions.
* Fix addScriptDeclaration method to comment out CDATA to prevent syntax errors.

Add example of a custom class with auto-breadcrumb generation and body content loading.
   </notes>
  </release>
  <release>
   <version>
    <release>1.0.0</release>
    <api>1.0.0</api>
   </version>
   <stability>
    <release>stable</release>
    <api>stable</api>
   </stability>
   <date>2010-03-26</date>
   <license uri="http://www1.unl.edu/wdn/wiki/Software_License">BSD License</license>
   <notes>
Feature Release!
Added support for specifying the template version, 2 or 3.
* UNL_Templates::$options['version'] = 3; to use the new templates.
* Added the secure template.
* Add debug template.
* Updated Version 3 templates to reflect footer changes.
* Multiple template caching backends are 

Additional work to prevent broken pages.
* If local files are not present for the &lt;!--#include statements, it will grab them remotely.
* If wdn/templates_3.0 does not exist locally it will use a template with absolute references to prevent broken pages.

New methods:
* addHeadLink($href, $relation, $relType = 'rel', array $attributes = array())
* addScript($url, $type = 'text/javascript')
* addScriptDeclaration($content, $type = 'text/javascript')
* addStyleDeclaration($content, $type = 'text/css')
* addStyleSheet($url, $media = 'all')
* __toString()  Now you can just use echo $page;

Auto loading of files - now supporting:
* optionalfooter=&gt;optionalFooter.html
* collegenavigationlist=&gt;unitNavigation.html
* contactinfo=&gt;footerContactInfo.html

New Remote Template Scanner UNL_Templates_Scanner
* Scans a rendered UNL Template page for the editable content areas.

Other fixes:
* Use static vars instead of PEAR::getStaticProperty() - fixes E_STRICT warnings
* Remove debug code causing cache to never be used.
* Fix debugging.
* Merge UNL_DWT::$options with options from ini file instead of overwriting.
* Set default timezone to use before we use date functions.
* Add newlines after header additions.
* Fix addScriptDeclaration method to comment out CDATA to prevent syntax errors.

Add example of a custom class with auto-breadcrumb generation and body content loading.
   </notes>
  </release>
  <release>
   <version>
    <release>1.1.0</release>
    <api>1.0.0</api>
   </version>
   <stability>
    <release>stable</release>
    <api>stable</api>
   </stability>
   <date>2010-09-09</date>
   <license uri="http://www1.unl.edu/wdn/wiki/Software_License">BSD License</license>
   <notes>
Feature Release!
* Added the mobile template.
* Fix support for version 2 templates.
* Only set templatedependentspath if it has not been set.
   </notes>
  </release>
  <release>
   <version>
    <release>1.2.0</release>
    <api>1.0.0</api>
   </version>
   <stability>
    <release>stable</release>
    <api>stable</api>
   </stability>
   <date>2011-08-17</date>
   <license uri="http://www1.unl.edu/wdn/wiki/Software_License">BSD License</license>
   <notes>
Update .tpl cache so template files are in sync with latest wdntemplates.
Allow underscores within Version3 template include files.

New templates!

 * Fixed_html5
 * Unlaffiliate

Template updates:

 * Meta lang fixes
 * Remove IDM region from the secure template
 * Mobile template now supports navigation and move to HTML5
   </notes>
  </release>
 </changelog>
</package>
