<?xml version="1.0" encoding="ISO-8859-1" ?>
<!DOCTYPE database SYSTEM "http://cvs.php.net/viewcvs.cgi/*checkout*/pear/MDB2_Schema/docs/MDB.dtd">
<database>

 <name>eventcal</name>
 <create>true</create>
 <overwrite>false</overwrite>

 <table>

  <name>account</name>

  <declaration>

   <field>
    <name>id</name>
    <type>integer</type>
    <unsigned>true</unsigned>
    <length>4</length>
    <notnull>true</notnull>
    <default>0</default>
    <autoincrement>1</autoincrement>
   </field>

   <field>
    <name>name</name>
    <type>text</type>
    <length>100</length>
    <notnull>false</notnull>
    <default></default>
   </field>

   <field>
    <name>streetaddress1</name>
    <type>text</type>
    <length>255</length>
    <notnull>false</notnull>
    <default></default>
   </field>

   <field>
    <name>streetaddress2</name>
    <type>text</type>
    <length>255</length>
    <notnull>false</notnull>
    <default></default>
   </field>

   <field>
    <name>city</name>
    <type>text</type>
    <length>100</length>
    <notnull>false</notnull>
    <default></default>
   </field>

   <field>
    <name>state</name>
    <type>text</type>
    <length>2</length>
    <notnull>false</notnull>
    <default></default>
   </field>

   <field>
    <name>zip</name>
    <type>text</type>
    <length>10</length>
    <notnull>false</notnull>
    <default></default>
   </field>

   <field>
    <name>phone</name>
    <type>text</type>
    <length>50</length>
    <notnull>false</notnull>
    <default></default>
   </field>

   <field>
    <name>fax</name>
    <type>text</type>
    <length>50</length>
    <notnull>false</notnull>
    <default></default>
   </field>

   <field>
    <name>email</name>
    <type>text</type>
    <length>100</length>
    <notnull>false</notnull>
    <default></default>
   </field>

   <field>
    <name>accountstatus</name>
    <type>text</type>
    <length>100</length>
    <notnull>false</notnull>
    <default></default>
   </field>

   <field>
    <name>datecreated</name>
    <type>timestamp</type>
    <notnull>false</notnull>
    <default></default>
   </field>

   <field>
    <name>datelastupdated</name>
    <type>timestamp</type>
    <notnull>false</notnull>
    <default></default>
   </field>

   <field>
    <name>sponsor_id</name>
    <type>integer</type>
    <unsigned>false</unsigned>
    <length>4</length>
    <notnull>true</notnull>
    <default></default>
   </field>

   <field>
    <name>website</name>
    <type>text</type>
    <length>255</length>
    <notnull>false</notnull>
    <default></default>
   </field>

   <index>
    <name>P</name>
    <primary>true</primary>
    <field>
     <name>id</name>
     <sorting>ascending</sorting>
    </field>
   </index>

  </declaration>

 </table>

 <table>

  <name>admissioncharge</name>

  <declaration>

   <field>
    <name>id</name>
    <type>integer</type>
    <unsigned>true</unsigned>
    <length>4</length>
    <notnull>true</notnull>
    <default>0</default>
    <autoincrement>1</autoincrement>
   </field>

   <field>
    <name>admissioninfogroup_id</name>
    <type>integer</type>
    <unsigned>true</unsigned>
    <length>4</length>
    <notnull>true</notnull>
    <default>0</default>
   </field>

   <field>
    <name>price</name>
    <type>text</type>
    <length>100</length>
    <notnull>false</notnull>
    <default></default>
   </field>

   <field>
    <name>description</name>
    <type>text</type>
    <length>255</length>
    <notnull>false</notnull>
    <default></default>
   </field>

   <index>
    <name>PRIMARY</name>
    <primary>true</primary>
    <field>
     <name>id</name>
     <sorting>ascending</sorting>
    </field>
   </index>

  </declaration>

 </table>

 <table>

  <name>admissioninfo</name>

  <declaration>

   <field>
    <name>id</name>
    <type>integer</type>
    <unsigned>true</unsigned>
    <length>4</length>
    <notnull>true</notnull>
    <default>0</default>
    <autoincrement>1</autoincrement>
   </field>

   <field>
    <name>event_id</name>
    <type>integer</type>
    <unsigned>true</unsigned>
    <length>4</length>
    <notnull>true</notnull>
    <default>0</default>
   </field>

   <field>
    <name>type</name>
    <type>text</type>
    <length>255</length>
    <notnull>false</notnull>
    <default></default>
   </field>

   <field>
    <name>obligation</name>
    <type>text</type>
    <length>100</length>
    <notnull>false</notnull>
    <default></default>
   </field>

   <field>
    <name>contactname</name>
    <type>text</type>
    <length>100</length>
    <notnull>false</notnull>
    <default></default>
   </field>

   <field>
    <name>contactphone</name>
    <type>text</type>
    <length>50</length>
    <notnull>false</notnull>
    <default></default>
   </field>

   <field>
    <name>contactemail</name>
    <type>text</type>
    <length>255</length>
    <notnull>false</notnull>
    <default></default>
   </field>

   <field>
    <name>contacturl</name>
    <type>clob</type>
    <notnull>false</notnull>
   </field>

   <field>
    <name>status</name>
    <type>text</type>
    <length>255</length>
    <notnull>false</notnull>
    <default></default>
   </field>

   <field>
    <name>additionalinfo</name>
    <type>clob</type>
    <notnull>false</notnull>
   </field>

   <field>
    <name>deadline</name>
    <type>timestamp</type>
    <notnull>false</notnull>
    <default></default>
   </field>

   <field>
    <name>opendate</name>
    <type>timestamp</type>
    <notnull>false</notnull>
    <default></default>
   </field>

   <index>
    <name>PRIMARY</name>
    <primary>true</primary>
    <field>
     <name>id</name>
     <sorting>ascending</sorting>
    </field>
   </index>

   <index>
    <name>event_id</name>
    <field>
     <name>event_id</name>
     <sorting>ascending</sorting>
    </field>
   </index>

  </declaration>

 </table>

 <table>

  <name>attendancerestriction</name>

  <declaration>

   <field>
    <name>id</name>
    <type>integer</type>
    <unsigned>true</unsigned>
    <length>4</length>
    <notnull>true</notnull>
    <default>0</default>
    <autoincrement>1</autoincrement>
   </field>

   <field>
    <name>event_id</name>
    <type>integer</type>
    <unsigned>true</unsigned>
    <length>4</length>
    <notnull>true</notnull>
    <default>0</default>
   </field>

   <field>
    <name>description</name>
    <type>clob</type>
    <notnull>false</notnull>
   </field>

   <index>
    <name>PRIMARY</name>
    <primary>true</primary>
    <field>
     <name>id</name>
     <sorting>ascending</sorting>
    </field>
   </index>
   
   <index>
    <name>event_id</name>
    <field>
     <name>event_id</name>
     <sorting>ascending</sorting>
    </field>
   </index>

  </declaration>

 </table>

 <table>

  <name>audience</name>

  <declaration>

   <field>
    <name>id</name>
    <type>integer</type>
    <unsigned>true</unsigned>
    <length>4</length>
    <notnull>true</notnull>
    <default>0</default>
    <autoincrement>1</autoincrement>
   </field>

   <field>
    <name>name</name>
    <type>text</type>
    <length>100</length>
    <notnull>false</notnull>
    <default></default>
   </field>

   <field>
    <name>standard</name>
    <type>boolean</type>
    <length>1</length>
    <notnull>false</notnull>
    <default>y</default>
   </field>

   <index>
    <name>PRIMARY</name>
    <primary>true</primary>
    <field>
     <name>id</name>
     <sorting>ascending</sorting>
    </field>
   </index>

  </declaration>

 </table>

 <table>

  <name>calendar</name>

  <declaration>

   <field>
    <name>id</name>
    <type>integer</type>
    <unsigned>true</unsigned>
    <length>4</length>
    <notnull>true</notnull>
    <default>0</default>
    <autoincrement>1</autoincrement>
   </field>

   <field>
    <name>account_id</name>
    <type>integer</type>
    <unsigned>true</unsigned>
    <length>4</length>
    <notnull>true</notnull>
    <default></default>
   </field>

   <field>
    <name>name</name>
    <type>text</type>
    <length>255</length>
    <notnull>false</notnull>
    <default></default>
   </field>

   <field>
    <name>shortname</name>
    <type>text</type>
    <length>100</length>
    <notnull>false</notnull>
    <default></default>
   </field>

   <field>
    <name>eventreleasepreference</name>
    <type>text</type>
    <length>255</length>
    <notnull>false</notnull>
    <default></default>
   </field>

   <field>
    <name>calendardaterange</name>
    <type>integer</type>
    <unsigned>true</unsigned>
    <length>4</length>
    <notnull>false</notnull>
    <default></default>
   </field>

   <field>
    <name>formatcalendardata</name>
    <type>clob</type>
    <notnull>false</notnull>
   </field>

   <field>
    <name>uploadedcss</name>
    <type>clob</type>
    <notnull>false</notnull>
   </field>

   <field>
    <name>uploadedxsl</name>
    <type>clob</type>
    <notnull>false</notnull>
   </field>

   <field>
    <name>emaillists</name>
    <type>clob</type>
    <notnull>false</notnull>
   </field>

   <field>
    <name>calendarstatus</name>
    <type>text</type>
    <length>255</length>
    <notnull>false</notnull>
    <default></default>
   </field>

   <field>
    <name>datecreated</name>
    <type>timestamp</type>
    <notnull>false</notnull>
    <default></default>
   </field>

   <field>
    <name>uidcreated</name>
    <type>text</type>
    <length>255</length>
    <notnull>false</notnull>
    <default></default>
   </field>

   <field>
    <name>datelastupdated</name>
    <type>timestamp</type>
    <notnull>false</notnull>
    <default></default>
   </field>

   <field>
    <name>uidlastupdated</name>
    <type>text</type>
    <length>255</length>
    <notnull>false</notnull>
    <default></default>
   </field>

   <field>
    <name>externalforms</name>
    <type>text</type>
    <length>255</length>
    <notnull>false</notnull>
    <default></default>
   </field>

   <index>
    <name>PRIMARY</name>
    <primary>true</primary>
    <field>
     <name>id</name>
     <sorting>ascending</sorting>
    </field>
   </index>
   
   <index>
    <name>account_id</name>
    <field>
     <name>account_id</name>
     <sorting>ascending</sorting>
    </field>
   </index>

  </declaration>

 </table>

 <table>

  <name>calendar_has_event</name>

  <declaration>

   <field>
    <name>id</name>
    <type>integer</type>
    <unsigned>true</unsigned>
    <length>4</length>
    <notnull>true</notnull>
    <default>0</default>
    <autoincrement>1</autoincrement>
   </field>

   <field>
    <name>calendar_id</name>
    <type>integer</type>
    <unsigned>true</unsigned>
    <length>4</length>
    <notnull>true</notnull>
    <default>0</default>
   </field>

   <field>
    <name>event_id</name>
    <type>integer</type>
    <unsigned>true</unsigned>
    <length>4</length>
    <notnull>true</notnull>
    <default>0</default>
   </field>

   <field>
    <name>status</name>
    <type>text</type>
    <length>100</length>
    <notnull>false</notnull>
    <default></default>
   </field>

   <field>
    <name>source</name>
    <type>text</type>
    <length>100</length>
    <notnull>false</notnull>
    <default></default>
   </field>

   <field>
    <name>datecreated</name>
    <type>timestamp</type>
    <notnull>false</notnull>
    <default></default>
   </field>

   <field>
    <name>uidcreated</name>
    <type>text</type>
    <length>100</length>
    <notnull>false</notnull>
    <default></default>
   </field>

   <field>
    <name>datelastupdated</name>
    <type>timestamp</type>
    <notnull>false</notnull>
    <default></default>
   </field>

   <field>
    <name>uidlastupdated</name>
    <type>text</type>
    <length>100</length>
    <notnull>false</notnull>
    <default></default>
   </field>

   <index>
    <name>PRIMARY</name>
    <primary>true</primary>
    <field>
     <name>id</name>
     <sorting>ascending</sorting>
    </field>
   </index>
   
   <index>
    <name>calendar_id</name>
    <field>
     <name>calendar_id</name>
     <sorting>ascending</sorting>
    </field>
   </index>
   
   <index>
    <name>event_id</name>
    <field>
     <name>event_id</name>
     <sorting>ascending</sorting>
    </field>
   </index>

  </declaration>

 </table>

 <table>

  <name>document</name>

  <declaration>

   <field>
    <name>id</name>
    <type>integer</type>
    <unsigned>true</unsigned>
    <length>4</length>
    <notnull>true</notnull>
    <default>0</default>
    <autoincrement>1</autoincrement>
   </field>

   <field>
    <name>event_id</name>
    <type>integer</type>
    <unsigned>true</unsigned>
    <length>4</length>
    <notnull>true</notnull>
    <default>0</default>
   </field>

   <field>
    <name>name</name>
    <type>text</type>
    <length>100</length>
    <notnull>false</notnull>
    <default></default>
   </field>

   <field>
    <name>url</name>
    <type>text</type>
    <length>255</length>
    <notnull>false</notnull>
    <default></default>
   </field>

   <index>
    <name>PRIMARY</name>
    <primary>true</primary>
    <field>
     <name>id</name>
     <sorting>ascending</sorting>
    </field>
   </index>

  </declaration>

 </table>

 <table>

  <name>event</name>

  <declaration>

   <field>
    <name>id</name>
    <type>integer</type>
    <unsigned>true</unsigned>
    <length>4</length>
    <notnull>true</notnull>
    <default>0</default>
    <autoincrement>1</autoincrement>
   </field>

   <field>
    <name>title</name>
    <type>text</type>
    <length>100</length>
    <notnull>true</notnull>
    <default> </default>
   </field>

   <field>
    <name>subtitle</name>
    <type>text</type>
    <length>100</length>
    <notnull>false</notnull>
    <default></default>
   </field>

   <field>
    <name>othereventtype</name>
    <type>text</type>
    <length>255</length>
    <notnull>false</notnull>
    <default></default>
   </field>

   <field>
    <name>description</name>
    <type>clob</type>
    <notnull>false</notnull>
   </field>

   <field>
    <name>shortdescription</name>
    <type>text</type>
    <length>255</length>
    <notnull>false</notnull>
    <default></default>
   </field>

   <field>
    <name>refreshments</name>
    <type>text</type>
    <length>255</length>
    <notnull>false</notnull>
    <default></default>
   </field>

   <field>
    <name>classification</name>
    <type>text</type>
    <length>100</length>
    <notnull>false</notnull>
    <default></default>
   </field>

   <field>
    <name>approvedforcirculation</name>
    <type>boolean</type>
    <unsigned>false</unsigned>
    <length>1</length>
    <notnull>false</notnull>
    <default></default>
   </field>

   <field>
    <name>transparency</name>
    <type>text</type>
    <length>255</length>
    <notnull>false</notnull>
    <default></default>
   </field>

   <field>
    <name>status</name>
    <type>text</type>
    <length>100</length>
    <notnull>false</notnull>
    <default></default>
   </field>

   <field>
    <name>privatecomment</name>
    <type>clob</type>
    <notnull>false</notnull>
   </field>

   <field>
    <name>otherkeywords</name>
    <type>text</type>
    <length>255</length>
    <notnull>false</notnull>
    <default></default>
   </field>

   <field>
    <name>imagetitle</name>
    <type>text</type>
    <length>100</length>
    <notnull>false</notnull>
    <default></default>
   </field>

   <field>
    <name>imageurl</name>
    <type>clob</type>
    <notnull>false</notnull>
   </field>

   <field>
    <name>webpageurl</name>
    <type>clob</type>
    <notnull>false</notnull>
   </field>

   <field>
    <name>listingcontactuid</name>
    <type>text</type>
    <length>255</length>
    <notnull>false</notnull>
    <default></default>
   </field>

   <field>
    <name>listingcontactname</name>
    <type>text</type>
    <length>100</length>
    <notnull>false</notnull>
    <default></default>
   </field>

   <field>
    <name>listingcontactphone</name>
    <type>text</type>
    <length>255</length>
    <notnull>false</notnull>
    <default></default>
   </field>

   <field>
    <name>listingcontactemail</name>
    <type>text</type>
    <length>255</length>
    <notnull>false</notnull>
    <default></default>
   </field>

   <field>
    <name>icalendar</name>
    <type>clob</type>
    <notnull>false</notnull>
   </field>

   <field>
    <name>imagedata</name>
    <type>blob</type>
    <notnull>false</notnull>
   </field>

   <field>
    <name>imagemime</name>
    <type>text</type>
    <length>255</length>
    <notnull>false</notnull>
    <default></default>
   </field>

   <field>
    <name>datecreated</name>
    <type>timestamp</type>
    <notnull>false</notnull>
    <default></default>
   </field>

   <field>
    <name>uidcreated</name>
    <type>text</type>
    <length>100</length>
    <notnull>false</notnull>
    <default></default>
   </field>

   <field>
    <name>datelastupdated</name>
    <type>timestamp</type>
    <notnull>false</notnull>
    <default></default>
   </field>

   <field>
    <name>uidlastupdated</name>
    <type>text</type>
    <length>100</length>
    <notnull>false</notnull>
    <default></default>
   </field>

   <index>
    <name>PRIMARY</name>
    <primary>true</primary>
    <field>
     <name>id</name>
     <sorting>ascending</sorting>
    </field>
   </index>

  </declaration>

 </table>

 <table>

  <name>event_has_eventtype</name>

  <declaration>

   <field>
    <name>event_id</name>
    <type>integer</type>
    <unsigned>true</unsigned>
    <length>4</length>
    <notnull>true</notnull>
    <default></default>
   </field>

   <field>
    <name>eventtype_id</name>
    <type>integer</type>
    <unsigned>true</unsigned>
    <length>4</length>
    <notnull>true</notnull>
    <default></default>
   </field>

  </declaration>

 </table>

 <table>

  <name>event_has_keyword</name>

  <declaration>

   <field>
    <name>event_id</name>
    <type>integer</type>
    <unsigned>true</unsigned>
    <length>4</length>
    <notnull>true</notnull>
    <default></default>
   </field>

   <field>
    <name>keyword_id</name>
    <type>integer</type>
    <unsigned>true</unsigned>
    <length>4</length>
    <notnull>true</notnull>
    <default></default>
   </field>

  </declaration>

 </table>

 <table>

  <name>event_has_sponsor</name>

  <declaration>

   <field>
    <name>event_id</name>
    <type>integer</type>
    <unsigned>true</unsigned>
    <length>4</length>
    <notnull>true</notnull>
    <default>0</default>
   </field>

   <field>
    <name>sponsor_id</name>
    <type>integer</type>
    <unsigned>true</unsigned>
    <length>4</length>
    <notnull>true</notnull>
    <default>0</default>
   </field>

  </declaration>

 </table>

 <table>

  <name>event_isopento_audience</name>

  <declaration>

   <field>
    <name>event_id</name>
    <type>integer</type>
    <unsigned>true</unsigned>
    <length>4</length>
    <notnull>true</notnull>
    <default></default>
   </field>

   <field>
    <name>audience_id</name>
    <type>integer</type>
    <unsigned>true</unsigned>
    <length>4</length>
    <notnull>true</notnull>
    <default></default>
   </field>

  </declaration>

 </table>

 <table>

  <name>event_targets_audience</name>

  <declaration>

   <field>
    <name>event_id</name>
    <type>integer</type>
    <unsigned>true</unsigned>
    <length>4</length>
    <notnull>true</notnull>
    <default></default>
   </field>

   <field>
    <name>audience_id</name>
    <type>integer</type>
    <unsigned>true</unsigned>
    <length>4</length>
    <notnull>true</notnull>
    <default></default>
   </field>

  </declaration>

 </table>

 <table>

  <name>eventdatetime</name>

  <declaration>

   <field>
    <name>id</name>
    <type>integer</type>
    <unsigned>true</unsigned>
    <length>4</length>
    <notnull>true</notnull>
    <default>0</default>
    <autoincrement>1</autoincrement>
   </field>

   <field>
    <name>event_id</name>
    <type>integer</type>
    <unsigned>true</unsigned>
    <length>4</length>
    <notnull>true</notnull>
    <default></default>
   </field>

   <field>
    <name>location_id</name>
    <type>integer</type>
    <unsigned>true</unsigned>
    <length>4</length>
    <notnull>true</notnull>
    <default></default>
   </field>

   <field>
    <name>starttime</name>
    <type>timestamp</type>
    <notnull>false</notnull>
    <default></default>
   </field>

   <field>
    <name>endtime</name>
    <type>timestamp</type>
    <notnull>false</notnull>
    <default></default>
   </field>

   <field>
    <name>room</name>
    <type>text</type>
    <length>255</length>
    <notnull>false</notnull>
    <default></default>
   </field>

   <field>
    <name>hours</name>
    <type>text</type>
    <length>255</length>
    <notnull>false</notnull>
    <default></default>
   </field>

   <field>
    <name>directions</name>
    <type>clob</type>
    <notnull>false</notnull>
   </field>

   <field>
    <name>additionalpublicinfo</name>
    <type>clob</type>
    <notnull>false</notnull>
   </field>

   <index>
    <name>PRIMARY</name>
    <primary>true</primary>
    <field>
     <name>id</name>
     <sorting>ascending</sorting>
    </field>
   </index>

   <index>
    <name>event_id</name>
    <field>
     <name>event_id</name>
     <sorting>ascending</sorting>
    </field>
   </index>

   <index>
    <name>location_id</name>
    <field>
     <name>location_id</name>
     <sorting>ascending</sorting>
    </field>
   </index>

  </declaration>

 </table>

 <table>

  <name>eventtype</name>

  <declaration>

   <field>
    <name>id</name>
    <type>integer</type>
    <unsigned>true</unsigned>
    <length>4</length>
    <notnull>true</notnull>
    <default>0</default>
    <autoincrement>1</autoincrement>
   </field>

   <field>
    <name>calendar_id</name>
    <type>integer</type>
    <unsigned>true</unsigned>
    <length>4</length>
    <notnull>true</notnull>
    <default></default>
   </field>

   <field>
    <name>name</name>
    <type>text</type>
    <length>100</length>
    <notnull>true</notnull>
    <default> </default>
   </field>

   <field>
    <name>description</name>
    <type>text</type>
    <length>255</length>
    <notnull>false</notnull>
    <default></default>
   </field>

   <field>
    <name>eventtypegroup</name>
    <type>text</type>
    <length>8</length>
    <notnull>false</notnull>
    <default></default>
   </field>

   <field>
    <name>standard</name>
    <type>boolean</type>
    <length>1</length>
    <notnull>false</notnull>
    <default>y</default>
   </field>

   <index>
    <name>PRIMARY</name>
    <primary>true</primary>
    <field>
     <name>id</name>
     <sorting>ascending</sorting>
    </field>
   </index>

  </declaration>

 </table>

 <table>

  <name>keyword</name>

  <declaration>

   <field>
    <name>id</name>
    <type>integer</type>
    <unsigned>true</unsigned>
    <length>4</length>
    <notnull>true</notnull>
    <default>0</default>
    <autoincrement>1</autoincrement>
   </field>

   <field>
    <name>name</name>
    <type>text</type>
    <length>100</length>
    <notnull>true</notnull>
    <default></default>
   </field>

   <index>
    <name>PRIMARY</name>
    <primary>true</primary>
    <field>
     <name>id</name>
     <sorting>ascending</sorting>
    </field>
   </index>

  </declaration>

 </table>

 <table>

  <name>location</name>

  <declaration>

   <field>
    <name>id</name>
    <type>integer</type>
    <unsigned>true</unsigned>
    <length>4</length>
    <notnull>true</notnull>
    <default>0</default>
    <autoincrement>1</autoincrement>
   </field>

   <field>
    <name>name</name>
    <type>text</type>
    <length>100</length>
    <notnull>false</notnull>
    <default></default>
   </field>

   <field>
    <name>streetaddress1</name>
    <type>text</type>
    <length>255</length>
    <notnull>false</notnull>
    <default></default>
   </field>

   <field>
    <name>streetaddress2</name>
    <type>text</type>
    <length>255</length>
    <notnull>false</notnull>
    <default></default>
   </field>

   <field>
    <name>room</name>
    <type>text</type>
    <length>100</length>
    <notnull>false</notnull>
    <default></default>
   </field>

   <field>
    <name>city</name>
    <type>text</type>
    <length>100</length>
    <notnull>false</notnull>
    <default></default>
   </field>

   <field>
    <name>state</name>
    <type>text</type>
    <length>2</length>
    <notnull>false</notnull>
    <default></default>
   </field>

   <field>
    <name>zip</name>
    <type>text</type>
    <length>10</length>
    <notnull>false</notnull>
    <default></default>
   </field>

   <field>
    <name>mapurl</name>
    <type>clob</type>
    <notnull>false</notnull>
   </field>

   <field>
    <name>webpageurl</name>
    <type>clob</type>
    <notnull>false</notnull>
   </field>

   <field>
    <name>hours</name>
    <type>text</type>
    <length>255</length>
    <notnull>false</notnull>
    <default></default>
   </field>

   <field>
    <name>directions</name>
    <type>clob</type>
    <notnull>false</notnull>
   </field>

   <field>
    <name>additionalpublicinfo</name>
    <type>text</type>
    <length>255</length>
    <notnull>false</notnull>
    <default></default>
   </field>

   <field>
    <name>type</name>
    <type>text</type>
    <length>100</length>
    <notnull>false</notnull>
    <default></default>
   </field>

   <field>
    <name>phone</name>
    <type>text</type>
    <length>50</length>
    <notnull>false</notnull>
    <default></default>
   </field>

   <field>
    <name>standard</name>
    <type>boolean</type>
    <length>1</length>
    <notnull>false</notnull>
    <default>y</default>
   </field>

   <index>
    <name>PRIMARY</name>
    <primary>true</primary>
    <field>
     <name>id</name>
     <sorting>ascending</sorting>
    </field>
   </index>

  </declaration>

 </table>

 <table>

  <name>performer</name>

  <declaration>

   <field>
    <name>id</name>
    <type>integer</type>
    <unsigned>true</unsigned>
    <length>4</length>
    <notnull>true</notnull>
    <default>0</default>
    <autoincrement>1</autoincrement>
   </field>

   <field>
    <name>performer_id</name>
    <type>integer</type>
    <unsigned>true</unsigned>
    <length>4</length>
    <notnull>true</notnull>
    <default>0</default>
   </field>

   <field>
    <name>role_id</name>
    <type>integer</type>
    <unsigned>true</unsigned>
    <length>4</length>
    <notnull>true</notnull>
    <default></default>
   </field>

   <field>
    <name>event_id</name>
    <type>integer</type>
    <unsigned>true</unsigned>
    <length>4</length>
    <notnull>true</notnull>
    <default>0</default>
   </field>

   <field>
    <name>personalname</name>
    <type>text</type>
    <length>100</length>
    <notnull>false</notnull>
    <default></default>
   </field>

   <field>
    <name>name</name>
    <type>text</type>
    <length>255</length>
    <notnull>false</notnull>
    <default></default>
   </field>

   <field>
    <name>jobtitle</name>
    <type>text</type>
    <length>100</length>
    <notnull>false</notnull>
    <default></default>
   </field>

   <field>
    <name>organizationname</name>
    <type>text</type>
    <length>100</length>
    <notnull>false</notnull>
    <default></default>
   </field>

   <field>
    <name>personalwebpageurl</name>
    <type>clob</type>
    <notnull>false</notnull>
   </field>

   <field>
    <name>organizationwebpageurl</name>
    <type>clob</type>
    <notnull>false</notnull>
   </field>

   <field>
    <name>type</name>
    <type>text</type>
    <length>255</length>
    <notnull>false</notnull>
    <default></default>
   </field>

   <index>
    <name>PRIMARY</name>
    <primary>true</primary>
    <field>
     <name>id</name>
     <sorting>ascending</sorting>
    </field>
   </index>

  </declaration>

 </table>

 <table>

  <name>permission</name>

  <declaration>

   <field>
    <name>id</name>
    <type>integer</type>
    <unsigned>true</unsigned>
    <length>4</length>
    <notnull>true</notnull>
    <default>0</default>
    <autoincrement>1</autoincrement>
   </field>

   <field>
    <name>name</name>
    <type>text</type>
    <length>100</length>
    <notnull>false</notnull>
    <default></default>
   </field>

   <field>
    <name>description</name>
    <type>text</type>
    <length>255</length>
    <notnull>false</notnull>
    <default></default>
   </field>

   <index>
    <name>PRIMARY</name>
    <primary>true</primary>
    <field>
     <name>id</name>
     <sorting>ascending</sorting>
    </field>
   </index>

  </declaration>

 </table>

 <table>

  <name>publiccontact</name>

  <declaration>

   <field>
    <name>id</name>
    <type>integer</type>
    <unsigned>true</unsigned>
    <length>4</length>
    <notnull>true</notnull>
    <default>0</default>
    <autoincrement>1</autoincrement>
   </field>

   <field>
    <name>event_id</name>
    <type>integer</type>
    <unsigned>true</unsigned>
    <length>4</length>
    <notnull>true</notnull>
    <default>0</default>
   </field>

   <field>
    <name>name</name>
    <type>text</type>
    <length>100</length>
    <notnull>false</notnull>
    <default></default>
   </field>

   <field>
    <name>jobtitle</name>
    <type>text</type>
    <length>100</length>
    <notnull>false</notnull>
    <default></default>
   </field>

   <field>
    <name>organization</name>
    <type>text</type>
    <length>100</length>
    <notnull>false</notnull>
    <default></default>
   </field>

   <field>
    <name>addressline1</name>
    <type>text</type>
    <length>255</length>
    <notnull>false</notnull>
    <default></default>
   </field>

   <field>
    <name>addressline2</name>
    <type>text</type>
    <length>255</length>
    <notnull>false</notnull>
    <default></default>
   </field>

   <field>
    <name>room</name>
    <type>text</type>
    <length>255</length>
    <notnull>false</notnull>
    <default></default>
   </field>

   <field>
    <name>city</name>
    <type>text</type>
    <length>100</length>
    <notnull>false</notnull>
    <default></default>
   </field>

   <field>
    <name>state</name>
    <type>text</type>
    <length>2</length>
    <notnull>false</notnull>
    <default></default>
   </field>

   <field>
    <name>zip</name>
    <type>text</type>
    <length>10</length>
    <notnull>false</notnull>
    <default></default>
   </field>

   <field>
    <name>emailaddress</name>
    <type>text</type>
    <length>100</length>
    <notnull>false</notnull>
    <default></default>
   </field>

   <field>
    <name>phone</name>
    <type>text</type>
    <length>50</length>
    <notnull>false</notnull>
    <default></default>
   </field>

   <field>
    <name>fax</name>
    <type>text</type>
    <length>50</length>
    <notnull>false</notnull>
    <default></default>
   </field>

   <field>
    <name>webpageurl</name>
    <type>clob</type>
    <notnull>false</notnull>
   </field>

   <index>
    <name>PRIMARY</name>
    <primary>true</primary>
    <field>
     <name>id</name>
     <sorting>ascending</sorting>
    </field>
   </index>

  </declaration>

 </table>

 <table>

  <name>relatedevent</name>

  <declaration>

   <field>
    <name>event_id</name>
    <type>integer</type>
    <unsigned>true</unsigned>
    <length>4</length>
    <notnull>true</notnull>
    <default>0</default>
   </field>

   <field>
    <name>related_event_id</name>
    <type>integer</type>
    <unsigned>true</unsigned>
    <length>4</length>
    <notnull>true</notnull>
    <default>0</default>
   </field>

   <field>
    <name>relationtype</name>
    <type>text</type>
    <length>100</length>
    <notnull>true</notnull>
    <default></default>
   </field>

  </declaration>

 </table>

 <table>

  <name>role</name>

  <declaration>

   <field>
    <name>id</name>
    <type>integer</type>
    <unsigned>true</unsigned>
    <length>4</length>
    <notnull>true</notnull>
    <default>0</default>
    <autoincrement>1</autoincrement>
   </field>

   <field>
    <name>name</name>
    <type>text</type>
    <length>255</length>
    <notnull>true</notnull>
    <default></default>
   </field>

   <field>
    <name>standard</name>
    <type>boolean</type>
    <length>1</length>
    <notnull>false</notnull>
    <default>y</default>
   </field>

   <index>
    <name>PRIMARY</name>
    <primary>true</primary>
    <field>
     <name>id</name>
     <sorting>ascending</sorting>
    </field>
   </index>

  </declaration>

 </table>

 <table>

  <name>session</name>

  <declaration>

   <field>
    <name>user_uid</name>
    <type>text</type>
    <length>255</length>
    <notnull>true</notnull>
    <default></default>
   </field>

   <field>
    <name>lastaction</name>
    <type>timestamp</type>
    <notnull>true</notnull>
   </field>

   <field>
    <name>data</name>
    <type>clob</type>
    <notnull>false</notnull>
   </field>

   <index>
    <name>PRIMARY</name>
    <primary>true</primary>
    <field>
     <name>user_uid</name>
     <sorting>ascending</sorting>
    </field>
   </index>

  </declaration>

 </table>

 <table>

  <name>sponsor</name>

  <declaration>

   <field>
    <name>id</name>
    <type>integer</type>
    <unsigned>true</unsigned>
    <length>4</length>
    <notnull>true</notnull>
    <default>0</default>
    <autoincrement>1</autoincrement>
   </field>

   <field>
    <name>name</name>
    <type>text</type>
    <length>255</length>
    <notnull>false</notnull>
    <default></default>
   </field>

   <field>
    <name>standard</name>
    <type>boolean</type>
    <length>1</length>
    <notnull>false</notnull>
    <default>y</default>
   </field>

   <field>
    <name>sponsortype</name>
    <type>text</type>
    <length>255</length>
    <notnull>false</notnull>
    <default></default>
   </field>

   <field>
    <name>webpageurl</name>
    <type>clob</type>
    <notnull>false</notnull>
   </field>

   <index>
    <name>PRIMARY</name>
    <primary>true</primary>
    <field>
     <name>id</name>
     <sorting>ascending</sorting>
    </field>
   </index>

  </declaration>

 </table>

 <table>

  <name>subscription</name>

  <declaration>

   <field>
    <name>id</name>
    <type>integer</type>
    <unsigned>true</unsigned>
    <length>4</length>
    <notnull>true</notnull>
    <default>0</default>
    <autoincrement>1</autoincrement>
   </field>

   <field>
    <name>user_uid</name>
    <type>text</type>
    <length>255</length>
    <notnull>true</notnull>
    <default></default>
   </field>

   <field>
    <name>name</name>
    <type>text</type>
    <length>100</length>
    <notnull>false</notnull>
    <default></default>
   </field>

   <field>
    <name>automaticapproval</name>
    <type>boolean</type>
    <unsigned>false</unsigned>
    <length>1</length>
    <notnull>true</notnull>
    <default>0</default>
   </field>

   <field>
    <name>timeperiod</name>
    <type>date</type>
    <notnull>false</notnull>
    <default></default>
   </field>

   <field>
    <name>expirationdate</name>
    <type>date</type>
    <notnull>false</notnull>
    <default></default>
   </field>

   <field>
    <name>searchcriteria</name>
    <type>clob</type>
    <notnull>false</notnull>
   </field>

   <field>
    <name>datecreated</name>
    <type>timestamp</type>
    <notnull>false</notnull>
    <default></default>
   </field>

   <field>
    <name>uidcreated</name>
    <type>text</type>
    <length>100</length>
    <notnull>false</notnull>
    <default></default>
   </field>

   <field>
    <name>datelastupdated</name>
    <type>timestamp</type>
    <notnull>false</notnull>
    <default></default>
   </field>

   <field>
    <name>uidlastupdated</name>
    <type>text</type>
    <length>100</length>
    <notnull>false</notnull>
    <default></default>
   </field>

   <index>
    <name>PRIMARY</name>
    <primary>true</primary>
    <field>
     <name>id</name>
     <sorting>ascending</sorting>
    </field>
   </index>

  </declaration>

 </table>

 <table>

  <name>user</name>

  <declaration>

   <field>
    <name>uid</name>
    <type>text</type>
    <length>100</length>
    <notnull>true</notnull>
    <default> </default>
   </field>

   <field>
    <name>account_id</name>
    <type>integer</type>
    <unsigned>true</unsigned>
    <length>4</length>
    <notnull>true</notnull>
    <default>0</default>
   </field>

   <field>
    <name>accountstatus</name>
    <type>text</type>
    <length>100</length>
    <notnull>false</notnull>
    <default></default>
   </field>

   <field>
    <name>datecreated</name>
    <type>timestamp</type>
    <notnull>false</notnull>
    <default></default>
   </field>

   <field>
    <name>uidcreated</name>
    <type>text</type>
    <length>100</length>
    <notnull>false</notnull>
    <default></default>
   </field>

   <field>
    <name>datelastupdated</name>
    <type>timestamp</type>
    <notnull>false</notnull>
    <default></default>
   </field>

   <field>
    <name>uidlastupdated</name>
    <type>text</type>
    <length>100</length>
    <notnull>false</notnull>
    <default></default>
   </field>
   
   <index>
    <name>PRIMARY</name>
    <primary>true</primary>
    <field>
     <name>uid</name>
     <sorting>ascending</sorting>
    </field>
   </index>

  </declaration>

 </table>

 <table>

  <name>user_has_permission</name>

  <declaration>

   <field>
    <name>permission_id</name>
    <type>integer</type>
    <unsigned>true</unsigned>
    <length>4</length>
    <notnull>true</notnull>
    <default>0</default>
   </field>

   <field>
    <name>user_uid</name>
    <type>text</type>
    <length>100</length>
    <notnull>true</notnull>
    <default> </default>
   </field>

   <field>
    <name>calendar_id</name>
    <type>integer</type>
    <unsigned>true</unsigned>
    <length>4</length>
    <notnull>true</notnull>
    <default>0</default>
   </field>

  </declaration>

 </table>

 <table>

  <name>webcast</name>

  <declaration>

   <field>
    <name>id</name>
    <type>integer</type>
    <unsigned>true</unsigned>
    <length>4</length>
    <notnull>true</notnull>
    <default>0</default>
    <autoincrement>1</autoincrement>
   </field>

   <field>
    <name>event_id</name>
    <type>integer</type>
    <unsigned>true</unsigned>
    <length>4</length>
    <notnull>true</notnull>
    <default>0</default>
   </field>

   <field>
    <name>title</name>
    <type>text</type>
    <length>100</length>
    <notnull>false</notnull>
    <default></default>
   </field>

   <field>
    <name>status</name>
    <type>text</type>
    <length>100</length>
    <notnull>false</notnull>
    <default></default>
   </field>

   <field>
    <name>dateavailable</name>
    <type>timestamp</type>
    <notnull>false</notnull>
    <default></default>
   </field>

   <field>
    <name>playertype</name>
    <type>text</type>
    <length>100</length>
    <notnull>false</notnull>
    <default></default>
   </field>

   <field>
    <name>bandwidth</name>
    <type>text</type>
    <length>255</length>
    <notnull>false</notnull>
    <default></default>
   </field>

   <field>
    <name>additionalinfo</name>
    <type>clob</type>
    <notnull>false</notnull>
   </field>

   <index>
    <name>PRIMARY</name>
    <primary>true</primary>
    <field>
     <name>id</name>
     <sorting>ascending</sorting>
    </field>
   </index>

  </declaration>

 </table>

 <table>

  <name>webcastlink</name>

  <declaration>

   <field>
    <name>id</name>
    <type>integer</type>
    <unsigned>true</unsigned>
    <length>4</length>
    <notnull>true</notnull>
    <default>0</default>
    <autoincrement>1</autoincrement>
   </field>

   <field>
    <name>webcast_id</name>
    <type>integer</type>
    <unsigned>true</unsigned>
    <length>4</length>
    <notnull>true</notnull>
    <default>0</default>
   </field>

   <field>
    <name>url</name>
    <type>clob</type>
    <notnull>false</notnull>
   </field>

   <field>
    <name>sequencenumber</name>
    <type>integer</type>
    <unsigned>true</unsigned>
    <length>4</length>
    <notnull>false</notnull>
    <default></default>
   </field>

   <field>
    <name>related</name>
    <type>text</type>
    <length>1</length>
    <notnull>false</notnull>
    <default>n</default>
   </field>

   <index>
    <name>PRIMARY</name>
    <primary>true</primary>
    <field>
     <name>id</name>
     <sorting>ascending</sorting>
    </field>
   </index>

  </declaration>

 </table>

</database>
